{"rating_meta": {"score_range": 7.5, "rating": "B", "rating_agencies_scale": "B+, B, B-", "description": "Issuers assessed B are judged to have speculative intrinsic, or standalone, financial strength, and are subject to high credit risk absent any possibility of extraordinary support from an affiliate or a government.", "meaning": "Speculative Grade - Highly Speculative", "probability_of_default": 7.62}, "company_expected_metrics": {"leverage_coverage_metrics": {"debt_to_equity": 39.80583576943436, "debt_to_ebitda": 253.30470367683373, "ebitda_to_interest_expense": 0.940077005023297, "debt_to_tangible_assets": 1.3534575537030376}, "efficiency_metrics": {"asset_turnover": 0.05173015354295766, "inventory_to_cost_of_sales": 0.06418407445514168, "cash_to_assets": -0.004083185756375213}, "profitability_metrics": {"ebitda_margin": 0.10012228649484634, "total_assets": 143840992.33333334, "sales_growth": 131.02914582761025, "return_on_assets": 0.013315966200662159}}, "company_period_metrics": {"0": {"leverage_coverage_metrics": {"debt_to_equity": 64.05425716279547, "debt_to_ebitda": 738.0910537347561, "ebitda_to_interest_expense": 0.024264143497811756, "debt_to_tangible_assets": 1.72274777271246}, "efficiency_metrics": {"asset_turnover": 1.2939444570756653, "inventory_to_cost_of_sales": 0.06649159262997013, "cash_to_assets": -0.07326608383441235}, "profitability_metrics": {"ebitda_margin": 0.004459351909080375, "total_assets": 152521186.0, "sales_growth": 392.13271978687334, "return_on_assets": -0.10693669266590997}}, "1": {"leverage_coverage_metrics": {"debt_to_equity": 23.295297181835988, "debt_to_ebitda": 7.86661438913251, "ebitda_to_interest_expense": 1.2951753419618093, "debt_to_tangible_assets": 1.0663670320247154}, "efficiency_metrics": {"asset_turnover": -4.5100687154048815, "inventory_to_cost_of_sales": 0.028934222230869153, "cash_to_assets": 0.035429611021617624}, "profitability_metrics": {"ebitda_margin": 0.1628938522550525, "total_assets": 112017459.0, "sales_growth": 0.9402874680251488, "return_on_assets": 0.10982713082293062}}, "2": {"leverage_coverage_metrics": {"debt_to_equity": 32.06795296367163, "debt_to_ebitda": 13.956442906612578, "ebitda_to_interest_expense": 1.5007915296102703, "debt_to_tangible_assets": 1.271257856371937}, "efficiency_metrics": {"asset_turnover": 3.3713147189580894, "inventory_to_cost_of_sales": 0.09712640850458577, "cash_to_assets": 0.02558691554366909}, "profitability_metrics": {"ebitda_margin": 0.13301365532040613, "total_assets": 166984332.0, "sales_growth": 0.014430227932300513, "return_on_assets": 0.03705746044496582}}}, "calculator_output": {"metrics": {"ebitda_margin": {"category": "profitability_metrics", "value": 0.10012228649484634, "score": 5, "weight": 0.25, "weighted_score": 1.25, "rating": "Baa"}, "return_on_assets": {"category": "profitability_metrics", "value": 0.013315966200662159, "score": 7, "weight": 0.25, "weighted_score": 1.75, "rating": "B"}, "total_assets": {"category": "profitability_metrics", "value": 143840992.33333334, "score": 2, "weight": 0.25, "weighted_score": 0.5, "rating": "Aaa"}, "sales_growth": {"category": "profitability_metrics", "value": 131.02914582761025, "score": 1, "weight": 0.25, "weighted_score": 0.25, "rating": "Aaa"}, "debt_to_equity": {"category": "leverage_coverage_metrics", "value": 39.80583576943436, "score": 9, "weight": 0.2, "weighted_score": 1.8, "rating": "Ca"}, "debt_to_ebitda": {"category": "leverage_coverage_metrics", "value": 253.30470367683373, "score": 9, "weight": 0.4, "weighted_score": 3.6, "rating": "Ca"}, "ebitda_to_interest_expense": {"category": "leverage_coverage_metrics", "value": 0.940077005023297, "score": 7, "weight": 0.3, "weighted_score": 2.1, "rating": "B"}, "debt_to_tangible_assets": {"category": "leverage_coverage_metrics", "value": 1.3534575537030376, "score": 7, "weight": 0.1, "weighted_score": 0.7000000000000001, "rating": "B"}, "asset_turnover": {"category": "efficiency_metrics", "value": 0.05173015354295766, "score": 9, "weight": 0.3, "weighted_score": 2.6999999999999997, "rating": "Ca"}, "inventory_to_cost_of_sales": {"category": "efficiency_metrics", "value": 0.06418407445514168, "score": 1, "weight": 0.35, "weighted_score": 0.35, "rating": "Aaa"}, "cash_to_assets": {"category": "efficiency_metrics", "value": -0.004083185756375213, "score": 8, "weight": 0.35, "weighted_score": 2.8, "rating": "Caa"}}, "scores": {"profitability_metrics": 3.75, "leverage_coverage_metrics": 8.2, "efficiency_metrics": 5.85}, "credit_score": 6.84, "credit_rating": "B"}, "calculator_periods_output": {"0": {"metrics": {"ebitda_margin": {"category": "profitability_metrics", "value": 0.004459351909080375, "score": 7, "weight": 0.25, "weighted_score": 1.75, "rating": "B"}, "return_on_assets": {"category": "profitability_metrics", "value": -0.10693669266590997, "score": 8, "weight": 0.25, "weighted_score": 2.0, "rating": "Caa"}, "total_assets": {"category": "profitability_metrics", "value": 152521186.0, "score": 2, "weight": 0.25, "weighted_score": 0.5, "rating": "Aaa"}, "sales_growth": {"category": "profitability_metrics", "value": 392.13271978687334, "score": 1, "weight": 0.25, "weighted_score": 0.25, "rating": "Aaa"}, "debt_to_equity": {"category": "leverage_coverage_metrics", "value": 64.05425716279547, "score": 9, "weight": 0.2, "weighted_score": 1.8, "rating": "Ca"}, "debt_to_ebitda": {"category": "leverage_coverage_metrics", "value": 738.0910537347561, "score": 9, "weight": 0.4, "weighted_score": 3.6, "rating": "Ca"}, "ebitda_to_interest_expense": {"category": "leverage_coverage_metrics", "value": 0.024264143497811756, "score": 8, "weight": 0.3, "weighted_score": 2.4, "rating": "Caa"}, "debt_to_tangible_assets": {"category": "leverage_coverage_metrics", "value": 1.72274777271246, "score": 8, "weight": 0.1, "weighted_score": 0.8, "rating": "Caa"}, "asset_turnover": {"category": "efficiency_metrics", "value": 1.2939444570756653, "score": 7, "weight": 0.3, "weighted_score": 2.1, "rating": "B"}, "inventory_to_cost_of_sales": {"category": "efficiency_metrics", "value": 0.06649159262997013, "score": 1, "weight": 0.35, "weighted_score": 0.35, "rating": "Aaa"}, "cash_to_assets": {"category": "efficiency_metrics", "value": -0.07326608383441235, "score": 8, "weight": 0.35, "weighted_score": 2.8, "rating": "Caa"}}, "scores": {"profitability_metrics": 4.5, "leverage_coverage_metrics": 8.600000000000001, "efficiency_metrics": 5.25}, "credit_score": 7.110000000000001, "credit_rating": "B"}, "1": {"metrics": {"ebitda_margin": {"category": "profitability_metrics", "value": 0.1628938522550525, "score": 4, "weight": 0.25, "weighted_score": 1.0, "rating": "A"}, "return_on_assets": {"category": "profitability_metrics", "value": 0.10982713082293062, "score": 7, "weight": 0.25, "weighted_score": 1.75, "rating": "B"}, "total_assets": {"category": "profitability_metrics", "value": 112017459.0, "score": 2, "weight": 0.25, "weighted_score": 0.5, "rating": "Aaa"}, "sales_growth": {"category": "profitability_metrics", "value": 0.9402874680251488, "score": 1, "weight": 0.25, "weighted_score": 0.25, "rating": "Aaa"}, "debt_to_equity": {"category": "leverage_coverage_metrics", "value": 23.295297181835988, "score": 9, "weight": 0.2, "weighted_score": 1.8, "rating": "Ca"}, "debt_to_ebitda": {"category": "leverage_coverage_metrics", "value": 7.86661438913251, "score": 7, "weight": 0.4, "weighted_score": 2.8000000000000003, "rating": "B"}, "ebitda_to_interest_expense": {"category": "leverage_coverage_metrics", "value": 1.2951753419618093, "score": 6, "weight": 0.3, "weighted_score": 1.7999999999999998, "rating": "Ba"}, "debt_to_tangible_assets": {"category": "leverage_coverage_metrics", "value": 1.0663670320247154, "score": 6, "weight": 0.1, "weighted_score": 0.6000000000000001, "rating": "Ba"}, "asset_turnover": {"category": "efficiency_metrics", "value": -4.5100687154048815, "score": 9, "weight": 0.3, "weighted_score": 2.6999999999999997, "rating": "Ca"},